id;created_date;last_modified_date;created_by;last_modified_by;deleted_date
1;2025-12-15T20:16:17;2025-12-16T02:35:58;because duh watery;slushy elastic shallow;2025-12-16T02:55:23
2;2025-12-16T05:14:48;2025-12-15T15:16:23;huzzah upon gift;frugal downchange;2025-12-15T14:09:37
3;2025-12-15T11:42:54;2025-12-15T16:32:41;once;representation;2025-12-15T19:12:44
4;2025-12-16T05:39:26;2025-12-15T17:06:18;qua;tensely amongst ick;2025-12-15T14:18:21
5;2025-12-15T16:44:25;2025-12-15T16:12:26;yearningly;geez;2025-12-16T06:07:22
6;2025-12-16T00:49:53;2025-12-15T20:00:10;since cannibalise towards;belabor yahoo;2025-12-15T07:15:23
7;2025-12-15T11:13:05;2025-12-15T22:47:59;petal;dramatic under crushing;2025-12-15T22:45:14
8;2025-12-15T14:32:05;2025-12-15T18:54:02;until pfft wherever;brr own sadly;2025-12-15T06:36:18
9;2025-12-15T12:17:12;2025-12-15T17:05:36;bossy;hence regarding revere;2025-12-15T12:07:35
10;2025-12-15T11:03:03;2025-12-15T16:31:08;hm;unexpectedly by;2025-12-16T04:11:42
