id;name;created_date;last_modified_date;created_by;last_modified_by;deleted_date
1;expansion towards;2025-12-15T07:28:57;2025-12-16T03:02:44;after wire;pretend tray yowza;2025-12-15T17:48:51
2;safely though;2025-12-15T23:29:41;2025-12-15T10:21:00;treasure spirit;festival underneath queasily;2025-12-15T09:52:09
3;a regularly;2025-12-15T20:19:32;2025-12-15T23:09:19;given through;brightly;2025-12-15T09:36:06
4;for;2025-12-16T01:27:26;2025-12-15T11:27:16;infinite frankly;categorise beret aha;2025-12-15T14:40:33
5;sustenance characterization;2025-12-16T03:20:48;2025-12-15T17:22:20;delicious kookily ravioli;ha commodity;2025-12-16T02:29:42
6;tempting;2025-12-16T06:07:52;2025-12-15T22:25:59;roasted;save;2025-12-15T07:09:07
7;gee off;2025-12-16T02:41:40;2025-12-15T09:26:00;hmph enrich gracious;ugh;2025-12-15T16:00:25
8;shoulder provided confiscate;2025-12-15T10:52:46;2025-12-15T22:52:05;queasily now polyester;the apropos saw;2025-12-15T12:26:30
9;granular;2025-12-15T23:17:59;2025-12-15T19:43:19;paralyse where;genuine version yum;2025-12-15T21:06:03
10;famously;2025-12-15T09:08:19;2025-12-16T03:58:37;hexagon writ upon;tomorrow;2025-12-15T19:12:11
