id;method_name;token_text;expiration_date;created_date;last_modified_date;created_by;last_modified_by;deleted_date
1;given eek finally;gym;2025-12-15;2025-12-15T08:28:45;2025-12-15T13:43:32;wetly;what tomorrow cripple;2025-12-16T01:24:16
2;fiercely;receptor wherever;2025-12-15;2025-12-15T22:28:57;2025-12-15T12:25:05;yearly;decriminalize irritably assist;2025-12-16T04:43:50
3;psst around whether;anneal;2025-12-15;2025-12-16T01:26:57;2025-12-15T09:56:02;excluding than;woot stiff meh;2025-12-16T01:23:53
4;yuck which yuck;wholly pointed exactly;2025-12-16;2025-12-15T17:42:39;2025-12-16T05:16:30;optimal versus knowingly;likewise whoa;2025-12-15T07:55:46
5;overload;unless burgeon;2025-12-15;2025-12-15T19:08:07;2025-12-16T00:01:03;although blah;amidst lest;2025-12-15T09:04:23
6;until excepting or;nicely what;2025-12-15;2025-12-15T09:56:14;2025-12-16T03:01:03;queasily repurpose;into ick;2025-12-15T23:47:35
7;for slimy;and;2025-12-15;2025-12-16T00:04:57;2025-12-16T06:22:58;topsail fibre;kindheartedly;2025-12-16T04:56:17
8;limply whup;bustling;2025-12-15;2025-12-16T01:27:13;2025-12-16T05:08:18;shallow or;however orchid vivaciously;2025-12-15T09:10:01
9;napkin thread fraudster;straight unto since;2025-12-16;2025-12-15T14:44:53;2025-12-15T07:42:29;tensely until saloon;intermesh;2025-12-16T03:03:46
10;clear phooey grounded;hmph;2025-12-15;2025-12-15T16:23:40;2025-12-15T08:44:12;extricate;reprimand;2025-12-15T14:39:41
