id;normal_image_s_3_key;thumbnail_icon_s_3_key;social_link;created_date;last_modified_date;created_by;last_modified_by;is_deleted
1;meanwhile er;newsprint;rigid masticate overload;2025-12-10T06:19:09;2025-12-10T05:23:20;bravely godfather;granny sadly;false
2;absent vastly;delight;meh whereas against;2025-12-09T14:24:15;2025-12-09T15:15:13;where;geez;true
3;outlandish everlasting huzzah;moisten of;pish;2025-12-10T02:30:54;2025-12-09T18:02:30;about below;vivaciously;true
4;successfully spellcheck;accidentally defiantly;truly phew;2025-12-10T03:16:05;2025-12-09T11:27:52;against sophisticated;formation forgery;true
5;so annually;royal;battle;2025-12-09T21:50:04;2025-12-09T20:27:12;makeover wildly;because afore patiently;true
6;quit shadowbox;proofread retool;catalog neatly agitated;2025-12-09T22:52:53;2025-12-09T14:42:04;obnoxiously challenge;quit instead;true
7;yuck ew well-off;kindheartedly zowie;per;2025-12-09T21:36:08;2025-12-09T23:16:50;than;why woot for;true
8;meanwhile;poorly opposite mmm;in however blink;2025-12-10T03:48:33;2025-12-09T10:42:20;voluntarily alongside;maroon pish revere;true
9;jittery;commonly;gleaming grade;2025-12-10T02:06:27;2025-12-10T01:10:58;yahoo;disrespect;false
10;lend;descriptive intently kick;duh brief drat;2025-12-09T23:55:04;2025-12-10T09:15:16;or;wherever;true
