id;thumbnail_s_3_key;content_s_3_key;like_count;created_date;last_modified_date;created_by;last_modified_by;is_deleted;creator_id
1;hopelessly below;blah optimal consequently;18240;2025-12-10T07:14:09;2025-12-10T01:25:51;blaring mid outnumber;preside westernize;true;13544
2;since;er vice oh;8999;2025-12-09T15:25:52;2025-12-09T20:30:48;instead woot;boohoo hollow;true;8144
3;pip brr;retract;29097;2025-12-10T02:30:32;2025-12-10T07:01:42;fooey chunter;sightseeing;true;11987
4;grouper;till;26691;2025-12-09T14:49:36;2025-12-09T20:53:14;zen powerless;yet fashion;false;8820
5;jittery separately;aircraft;8813;2025-12-09T16:50:21;2025-12-10T05:51:42;lieu pulp considering;arid better;true;19730
6;excluding;midst;8979;2025-12-09T12:42:08;2025-12-09T12:24:41;even till insistent;hypothesise astride;false;19131
7;woot potentially object;ferret depute halt;4839;2025-12-10T10:06:42;2025-12-10T00:15:24;unlike mobility;poorly;true;10438
8;misappropriate seriously yahoo;clearly;18772;2025-12-09T23:14:50;2025-12-09T13:52:33;miserably huzzah stall;everlasting meal;true;2484
9;fondly insistent ew;vice besides energetically;1937;2025-12-10T05:54:33;2025-12-09T15:44:04;in;when since however;false;4904
10;lest;contrast capitalise inventory;7059;2025-12-09T17:38:47;2025-12-09T12:22:30;whenever oof technician;beyond;true;30968
