id;email_contact;profile_photo_s_3_key;cover_photo_s_3_key;main_content_url;mobile_phone;website_url;amazon_wishlist_url;last_login_date;biography;is_free;created_date;last_modified_date;created_by;last_modified_by;deleted_date
1;spirit incidentally;ultimate;regularly lazily;demobilise questionably noteworthy;ew drug penalise;indelible why;aha eternity settle;2025-12-15T12:22:59;../fake-data/blob/hipster.txt;true;2025-12-15T20:56:27;2025-12-15T06:32:28;shoulder carboxyl;before miskey;2025-12-15T23:13:54
2;upon;notwithstanding twine;once;like;closely concerning save;waist pfft;productive;2025-12-15T12:29:42;../fake-data/blob/hipster.txt;false;2025-12-15T14:29:35;2025-12-16T05:51:10;who;broadly;2025-12-16T01:03:28
3;consequently;instead obsess;afore whoever;soap unkempt internalize;swing gadzooks;house phony uh-huh;how;2025-12-15T21:37:05;../fake-data/blob/hipster.txt;false;2025-12-16T01:04:28;2025-12-15T12:28:44;reporter incidentally besides;blossom fiercely partially;2025-12-15T21:05:10
4;duh an;fooey troubled dismal;lest;powerfully furiously;gee inasmuch verve;swing;until joyfully unlike;2025-12-15T16:00:26;../fake-data/blob/hipster.txt;false;2025-12-15T19:21:55;2025-12-16T05:21:34;smoggy impact um;aw;2025-12-15T16:48:50
5;the husk jellyfish;as;sandy harp mosh;since junior;which;barring linseed;pulse;2025-12-15T21:48:50;../fake-data/blob/hipster.txt;true;2025-12-15T20:36:29;2025-12-15T08:37:03;meh loyally mundane;graduate;2025-12-15T18:19:13
6;whose;farm whether;beautifully haze;whether along uselessly;soon after overplay;gosh yearly;gadzooks strange;2025-12-15T14:07:13;../fake-data/blob/hipster.txt;false;2025-12-15T13:38:10;2025-12-15T07:21:32;hollow soon;oh challenge supposing;2025-12-15T19:12:42
7;meh;proofread loftily;swing versus;queasily;vulgarise fatally;oxidize;excepting;2025-12-15T18:28:18;../fake-data/blob/hipster.txt;false;2025-12-15T13:00:08;2025-12-15T16:38:57;gad a zowie;delicious who;2025-12-15T12:41:30
8;rosemary who;yuck beyond;second-hand key often;or aircraft;unibody;furthermore questioningly boohoo;worth outrank;2025-12-15T10:30:48;../fake-data/blob/hipster.txt;false;2025-12-15T11:46:57;2025-12-15T16:20:11;tag eyeglasses;scamper;2025-12-15T10:01:43
9;waterlogged;seal indeed;engender scarification;until deeply;above;mammoth yuck ironclad;ill-fated repeat wiggly;2025-12-15T23:33:32;../fake-data/blob/hipster.txt;false;2025-12-15T13:24:39;2025-12-15T11:17:07;the;whenever;2025-12-16T01:14:11
10;beneath colour;punctually sand tuxedo;silently before like;an;strict jovially;huzzah until;breed leading definitive;2025-12-15T20:57:14;../fake-data/blob/hipster.txt;false;2025-12-15T07:28:46;2025-12-15T17:50:26;chairperson who;geez pull;2025-12-15T09:39:35
11;contacto@arteperez.com;avatar/user11.jpg;shots/studio11.jpg;https://monsterdam.example.com/jperez;525533110011;+52-1-55331011;https://amzn.to/sofia-perez-list;2025-12-15T08:15:00;"Amante de la fotografía de viaje y del buen café.";true;2025-12-15T08:00:00;2025-12-15T12:00:00;sperez;sperez;
12;hola@cmorales.me;avatar/user12.jpg;shots/session12.jpg;https://monsterdam.example.com/cmorales;3512239988;;https://amzn.to/cmorales;2025-12-15T08:20:00;"Entrenadora personal y fan de los maratones urbanos.";false;2025-12-15T08:05:00;2025-12-15T12:05:00;cmorales;cmorales;
13;booking@lruiz.mx;avatar/user13.jpg;;https://monsterdam.example.com/lruiz;8124047789;https://lruiz.mx;;2025-12-15T08:25:00;"Cantante emergente compartiendo sesiones acústicas.";true;2025-12-15T08:10:00;2025-12-15T12:10:00;lhernandez;lhernandez;
14;gonzalez.a@correo.cl;avatar/user14.jpg;shots/outdoors14.jpg;https://monsterdam.example.com/agonzalez;;https://agonzalez.dev;;2025-12-15T08:30:00;"Creador de contenido sobre ciclismo y rutas del sur.";false;2025-12-15T08:12:00;2025-12-15T12:12:00;agonzalez;agonzalez;
